Patient_ID,Beat_ID,R_Peak_Loc,RR_Interval,Heart_Rate,QRS_Width,R_Amplitude,Label
108,1,179500,468.40277777777777,0.1280948851000741,67.66981773285401,1.2008359084486926,N
108,2,194134,40.65,1.4760147601476017,55.85848995073725,1.6680135058438088,N
108,3,268700,207.12777777777777,0.2896762599576215,103.53882582082102,2.370356185161861,V
108,4,472918,567.2722222222222,0.105769324937077,95.16530279086308,1.200636447000393,N
